<?xml version="1.0" encoding="ISO-8859-1"?>

<project xmlns="http://maven.apache.org/DECORATION/1.0.0" xmlns:xsi="http://www.w3.org/2001/XMLSchema-instance" xsi:schemaLocation="http://maven.apache.org/DECORATION/1.0.0 http://maven.apache.org/xsd/decoration-1.0.0.xsd">
  <body>
    <links>
      <item name="Cobertura" href="http://cobertura.sourceforge.net/"/>
    </links>
    <menu name="Overview">
      <item name="Introduction" href="index.html"/>
      <item name="Goals" href="plugin-info.html"/>
      <item name="Usage" href="usage.html"/>
    </menu>
    <menu name="Examples">
      <item name="Report Formats" href="examples/report-formats.html"/>
      <item name="Sample Cobertura Report" href="sample-maven-shared-io-report/index.html"/>
    </menu>
  </body>
</project>
